group,arm,round,ns_per_hash,iterations,population
paths,node-crypto,0,806.188202247191,9968,178
paths,node-crypto,1,862.3470104333868,9968,178
paths,node-crypto,2,831.8912520064206,9968,178
paths,node-crypto,3,740.0305979133226,9968,178
paths,node-crypto,4,736.7827046548956,9968,178
paths,node-crypto,5,761.6957263242375,9968,178
paths,node-crypto,6,771.0716292134831,9968,178
paths,node-crypto,7,701.9086075441412,9968,178
paths,node-crypto,8,681.5559791332263,9968,178
paths,node-crypto,9,727.302367576244,9968,178
paths,node-crypto,10,765.8632624398074,9968,178
paths,node-crypto,11,717.4082062600321,9968,178
paths,node-crypto,12,705.3696829855538,9968,178
paths,node-crypto,13,708.5465489566614,9968,178
paths,node-crypto,14,757.4571629213483,9968,178
paths,node-crypto,15,685.1842897271268,9968,178
bytes-32,node-crypto,0,771.1916,10000,1
bytes-32,node-crypto,1,633.6791,10000,1
bytes-32,node-crypto,2,656.4958,10000,1
bytes-32,node-crypto,3,701.9166,10000,1
bytes-32,node-crypto,4,683.2625,10000,1
bytes-32,node-crypto,5,646.6959,10000,1
bytes-32,node-crypto,6,654.1,10000,1
bytes-32,node-crypto,7,691.525,10000,1
bytes-32,node-crypto,8,629.5416,10000,1
bytes-32,node-crypto,9,662.5,10000,1
bytes-32,node-crypto,10,673.1584,10000,1
bytes-32,node-crypto,11,670.075,10000,1
bytes-32,node-crypto,12,619.1042,10000,1
bytes-32,node-crypto,13,670.9167,10000,1
bytes-32,node-crypto,14,627.1833,10000,1
bytes-32,node-crypto,15,616.725,10000,1
bytes-1024,node-crypto,0,1208.5084,10000,1
bytes-1024,node-crypto,1,1055.65,10000,1
bytes-1024,node-crypto,2,1124.1917,10000,1
bytes-1024,node-crypto,3,1046.3958,10000,1
bytes-1024,node-crypto,4,1078.1333,10000,1
bytes-1024,node-crypto,5,1031.875,10000,1
bytes-1024,node-crypto,6,1051.8875,10000,1
bytes-1024,node-crypto,7,1091.625,10000,1
bytes-1024,node-crypto,8,1045.5709,10000,1
bytes-1024,node-crypto,9,1091.7416,10000,1
bytes-1024,node-crypto,10,1038.2125,10000,1
bytes-1024,node-crypto,11,1088.7916,10000,1
bytes-1024,node-crypto,12,1039.4875,10000,1
bytes-1024,node-crypto,13,1086.9333,10000,1
bytes-1024,node-crypto,14,1040.1333,10000,1
bytes-1024,node-crypto,15,1073.4,10000,1
bytes-1048576,node-crypto,0,450092.9016393443,61,1
bytes-1048576,node-crypto,1,455755.45901639346,61,1
bytes-1048576,node-crypto,2,446727.45901639346,61,1
bytes-1048576,node-crypto,3,444860.65573770495,61,1
bytes-1048576,node-crypto,4,447094.262295082,61,1
bytes-1048576,node-crypto,5,444745.2131147541,61,1
bytes-1048576,node-crypto,6,447319.6721311475,61,1
bytes-1048576,node-crypto,7,447054.6393442623,61,1
bytes-1048576,node-crypto,8,447140.01639344264,61,1
bytes-1048576,node-crypto,9,448389.34426229505,61,1
bytes-1048576,node-crypto,10,442596.31147540984,61,1
bytes-1048576,node-crypto,11,446814.88524590165,61,1
bytes-1048576,node-crypto,12,448956.9672131148,61,1
bytes-1048576,node-crypto,13,446439.9016393443,61,1
bytes-1048576,node-crypto,14,447866.8032786885,61,1
bytes-1048576,node-crypto,15,448258.88524590165,61,1
paths,node-scope-id,0,647.7937399678973,9968,178
paths,node-scope-id,1,560.6399478330658,9968,178
paths,node-scope-id,2,614.0023073836276,9968,178
paths,node-scope-id,3,553.7427768860354,9968,178
paths,node-scope-id,4,546.0682182985554,9968,178
paths,node-scope-id,5,560.2385634028892,9968,178
paths,node-scope-id,6,493.41643258426967,9968,178
paths,node-scope-id,7,563.1311195826645,9968,178
paths,node-scope-id,8,489.1778691813804,9968,178
paths,node-scope-id,9,487.0084269662921,9968,178
paths,node-scope-id,10,555.1555979133226,9968,178
paths,node-scope-id,11,496.6392455858748,9968,178
paths,node-scope-id,12,473.4525481540931,9968,178
paths,node-scope-id,13,549.3789125200642,9968,178
paths,node-scope-id,14,486.8369783306581,9968,178
paths,node-scope-id,15,469.96639245585874,9968,178
