group,arm,median_ns,min_ns,max_ns
paths,baseline,738.889,668.954,2182.290
paths,current,391.977,362.331,3354.172
paths,sha2,407.053,378.217,1352.594
paths,unbatched,410.640,376.770,478.153
paths,ring,77.039,71.792,89.661
bytes-0,baseline,386.731,330.645,435.248
bytes-0,current,216.983,188.977,235.900
bytes-0,sha2,219.594,198.121,253.762
bytes-0,unbatched,201.210,182.021,227.312
bytes-0,ring,60.830,55.519,70.666
bytes-8,baseline,366.914,329.742,415.356
bytes-8,current,199.003,176.907,225.104
bytes-8,sha2,210.633,197.468,253.114
bytes-8,unbatched,189.501,177.365,228.135
bytes-8,ring,57.919,54.188,69.298
bytes-32,baseline,324.153,323.146,331.580
bytes-32,current,178.236,177.661,183.167
bytes-32,sha2,182.941,182.180,188.137
bytes-32,unbatched,179.175,178.245,184.236
bytes-32,ring,54.063,53.134,55.600
bytes-55,baseline,322.543,320.710,324.606
bytes-55,current,179.683,179.173,181.778
bytes-55,sha2,183.096,182.679,186.517
bytes-55,unbatched,180.093,179.149,182.956
bytes-55,ring,54.182,53.101,55.600
bytes-56,baseline,669.731,651.125,2839.194
bytes-56,current,367.313,359.442,561.060
bytes-56,sha2,376.496,367.686,566.826
bytes-56,unbatched,368.391,360.803,572.837
bytes-56,ring,86.196,82.660,213.532
bytes-63,baseline,655.610,649.886,878.546
bytes-63,current,365.826,358.858,533.957
bytes-63,sha2,373.972,364.615,670.051
bytes-63,unbatched,364.348,359.173,711.813
bytes-63,ring,84.613,81.982,222.882
bytes-64,baseline,657.794,651.824,707.242
bytes-64,current,367.390,365.347,493.770
bytes-64,sha2,371.457,365.749,374.927
bytes-64,unbatched,375.285,371.416,387.662
bytes-64,ring,61.798,59.744,65.181
bytes-65,baseline,663.137,657.110,1140.848
bytes-65,current,367.813,359.102,636.743
bytes-65,sha2,371.138,367.431,620.207
bytes-65,unbatched,378.038,371.398,2798.758
bytes-65,ring,62.410,60.791,139.846
bytes-119,baseline,697.844,668.741,934.082
bytes-119,current,376.351,368.209,1527.775
bytes-119,sha2,381.251,371.192,1733.076
bytes-119,unbatched,379.498,374.798,1137.217
bytes-119,ring,60.632,59.775,318.837
bytes-120,baseline,995.686,988.224,1073.874
bytes-120,current,560.909,554.568,604.549
bytes-120,sha2,566.664,559.340,674.556
bytes-120,unbatched,561.183,557.260,625.648
bytes-120,ring,95.990,90.128,106.091
bytes-127,baseline,1300.377,983.581,8657.112
bytes-127,current,697.733,550.717,5263.584
bytes-127,sha2,743.120,552.998,3950.864
bytes-127,unbatched,740.078,548.568,3599.634
bytes-127,ring,156.192,91.908,3018.989
bytes-128,baseline,1708.928,1224.942,7041.950
bytes-128,current,1000.729,661.019,9454.311
bytes-128,sha2,1002.598,638.791,4569.458
bytes-128,unbatched,962.569,659.990,1860.363
bytes-128,ring,123.114,93.228,2993.953
bytes-256,baseline,2433.204,1679.941,11762.201
bytes-256,current,1126.837,944.303,4277.811
bytes-256,sha2,1120.506,945.955,1824.635
bytes-256,unbatched,1074.522,956.052,3787.017
bytes-256,ring,202.837,172.507,1465.941
bytes-1024,baseline,5777.498,5557.215,17695.231
bytes-1024,current,3261.017,3136.307,7133.111
bytes-1024,sha2,3533.040,3161.742,13447.311
bytes-1024,unbatched,3970.479,3145.427,17287.459
bytes-1024,ring,481.573,461.247,3708.298
bytes-16384,baseline,102222.985,83046.509,288947.869
bytes-16384,current,51109.292,46453.309,130953.203
bytes-16384,sha2,53002.432,46233.487,104314.100
bytes-16384,unbatched,51553.107,46246.331,113505.270
bytes-16384,ring,7982.426,6844.907,15043.470
bytes-1048576,baseline,6442086.746,5227832.656,8455757.525
bytes-1048576,current,3318415.303,2954951.508,10216334.689
bytes-1048576,sha2,3348452.869,2951530.066,12672329.230
bytes-1048576,unbatched,3386193.303,2946762.984,16493997.262
bytes-1048576,ring,453368.861,435328.557,2809745.902
